marque,modele,prix,risque_assurance,type_de_carburant,aspiration,nombre_de_portes,carrosserie,roues_motrices,emplacement_moteur,empattement,longueur_voiture,largeur_voiture,hauteur_voiture,poids_à_vide,type_de_moteur,nombre_de_cylindres,taille_moteur_en_litres,système_de_carburant,alésage,course,taux_de_compression,puissance,rpm_max,consommation_ville,consommation_autoroute
alfa-romero,giulia,13495.0,3,essence,std,2,cabriolet,propulsion,avant,2.2504399999999998,4.28752,1.6281399999999997,1.23952,1156.7920000000001,dohc,4,2.130323,mpfi,3.47,2.68,9.0,111,5000,11.2,8.71
alfa-romero,stelvio,16500.0,3,essence,std,2,cabriolet,propulsion,avant,2.2504399999999998,4.28752,1.6281399999999997,1.23952,1156.7920000000001,dohc,4,2.130323,mpfi,3.47,2.68,9.0,111,5000,11.2,8.71
alfa-romero,Quadrifoglio,16500.0,1,essence,std,2,hayon,propulsion,avant,2.4003,4.3484799999999995,1.6637,1.33096,1281.642,ohcv,6,2.4908392000000004,mpfi,2.68,3.47,9.0,154,5000,12.38,9.05
audi,100 ls,13950.0,2,essence,std,4,berline,traction,avant,2.5349199999999996,4.48564,1.68148,1.37922,1060.998,ohc,4,1.7861939000000002,mpfi,3.19,3.4,10.0,102,5500,9.8,7.84
audi,100ls,17450.0,2,essence,std,4,berline,quatre roues motrices,avant,2.52476,4.48564,1.68656,1.37922,1282.096,ohc,5,2.2286456,mpfi,3.19,3.4,8.0,115,5500,13.07,10.69
audi,fox,15250.0,2,essence,std,2,berline,traction,avant,2.5349199999999996,4.50342,1.6840199999999999,1.34874,1138.178,ohc,5,2.2286456,mpfi,3.19,3.4,8.5,110,5500,12.38,9.41
audi,100ls,17710.0,1,essence,std,4,berline,traction,avant,2.6873199999999997,4.8945799999999995,1.81356,1.41478,1291.176,ohc,5,2.2286456,mpfi,3.19,3.4,8.5,110,5500,12.38,9.41
audi,5000,18920.0,1,essence,std,4,break,traction,avant,2.6873199999999997,4.8945799999999995,1.81356,1.41478,1341.116,ohc,5,2.2286456,mpfi,3.19,3.4,8.5,110,5500,12.38,9.41
audi,4000,23875.0,1,essence,turbo,4,berline,traction,avant,2.6873199999999997,4.8945799999999995,1.81356,1.41986,1401.044,ohc,5,2.1467101000000004,mpfi,3.13,3.4,8.3,140,5500,13.84,11.76
audi,5000s,17859.167,0,essence,turbo,2,hayon,quatre roues motrices,avant,2.5273,4.52628,1.72466,1.3208,1386.0620000000001,ohc,5,2.1467101000000004,mpfi,3.13,3.4,7.0,160,5500,14.7,10.69
bmw,320i,16430.0,2,essence,std,2,berline,propulsion,avant,2.57048,4.4907200000000005,1.6459199999999998,1.37922,1087.33,ohc,4,1.7698068000000002,mpfi,3.5,2.8,8.8,101,5800,10.23,8.11
bmw,320i,16925.0,0,essence,std,4,berline,propulsion,avant,2.57048,4.4907200000000005,1.6459199999999998,1.37922,1087.33,ohc,4,1.7698068000000002,mpfi,3.5,2.8,8.8,101,5800,10.23,8.11
bmw,x1,20970.0,0,essence,std,2,berline,propulsion,avant,2.57048,4.4907200000000005,1.6459199999999998,1.37922,1230.3400000000001,ohc,6,2.6874844,mpfi,3.31,3.19,9.0,121,4250,11.2,8.4
bmw,x3,21105.0,0,essence,std,4,berline,propulsion,avant,2.57048,4.4907200000000005,1.6459199999999998,1.37922,1255.31,ohc,6,2.6874844,mpfi,3.31,3.19,9.0,121,4250,11.2,8.4
bmw,z4,24565.0,1,essence,std,4,berline,propulsion,avant,2.6289,4.8006,1.69926,1.41478,1386.97,ohc,6,2.6874844,mpfi,3.31,3.19,9.0,121,4250,11.76,9.41
bmw,x4,30760.0,0,essence,std,4,berline,propulsion,avant,2.6289,4.8006,1.69926,1.41478,1466.42,ohc,6,3.4249039000000003,mpfi,3.62,3.39,8.0,182,5400,14.7,10.69
bmw,x5,41315.0,0,essence,std,2,berline,propulsion,avant,2.6289,4.9225200000000005,1.72466,1.36398,1534.52,ohc,6,3.4249039000000003,mpfi,3.62,3.39,8.0,182,5400,14.7,10.69
bmw,x3,36880.0,0,essence,std,4,berline,propulsion,avant,2.794,5.0038,1.8008600000000001,1.4300199999999998,1591.27,ohc,6,3.4249039000000003,mpfi,3.62,3.39,8.0,182,5400,15.68,11.76
chevrolet,impala,5151.0,2,essence,std,2,hayon,traction,avant,2.2453600000000002,3.5839399999999997,1.5316199999999998,1.35128,675.552,l,3,0.9996131000000001,2bbl,2.91,3.03,9.5,48,5100,5.0,4.44
chevrolet,monte carlo,6295.0,1,essence,std,2,hayon,traction,avant,2.4003,3.95986,1.61544,1.3208,850.796,ohc,4,1.4748390000000002,2bbl,3.03,3.11,9.6,70,5400,6.19,5.47
chevrolet,vega 2300,6575.0,0,essence,std,4,berline,traction,avant,2.4003,4.03352,1.61544,1.3208,866.686,ohc,4,1.4748390000000002,2bbl,3.03,3.11,9.6,70,5400,6.19,5.47
dodge,rampage,5572.0,1,essence,std,2,hayon,traction,avant,2.3799799999999998,3.99542,1.62052,1.29032,851.7040000000001,ohc,4,1.4748390000000002,2bbl,2.97,3.23,9.41,68,5500,6.36,5.74
dodge,challenger se,6377.0,1,essence,std,2,hayon,traction,avant,2.3799799999999998,3.99542,1.62052,1.29032,851.7040000000001,ohc,4,1.4748390000000002,2bbl,2.97,3.23,9.4,68,5500,7.59,6.19
dodge,d200,7957.0,1,essence,turbo,2,hayon,traction,avant,2.3799799999999998,3.99542,1.62052,1.29032,966.1120000000001,ohc,4,1.6059358000000001,mpfi,3.03,3.39,7.6,102,5500,9.8,7.84
dodge,monaco,6229.0,1,essence,std,4,hayon,traction,avant,2.3799799999999998,3.99542,1.62052,1.28524,893.018,ohc,4,1.4748390000000002,2bbl,2.97,3.23,9.4,68,5500,7.59,6.19
dodge,colt hardtop,6692.0,1,essence,std,4,berline,traction,avant,2.3799799999999998,3.99542,1.62052,1.28524,903.0060000000001,ohc,4,1.4748390000000002,2bbl,2.97,3.23,9.4,68,5500,7.59,6.19
dodge,colt,7609.0,1,essence,std,4,berline,traction,avant,2.3799799999999998,3.99542,1.62052,1.28524,903.0060000000001,ohc,4,1.4748390000000002,2bbl,2.97,3.23,9.4,68,5500,7.59,6.19
dodge,coronet custom,8558.0,1,essence,turbo,2,berline,traction,avant,2.3799799999999998,3.99542,1.62052,1.28524,994.714,ohc,4,1.6059358000000001,mpfi,3.03,3.39,7.6,102,5500,9.8,7.84
dodge,dart custom,8921.0,-1,essence,std,4,break,traction,avant,2.62382,4.4348399999999994,1.6408399999999999,1.5189199999999998,1150.89,ohc,4,1.9992262000000003,2bbl,3.34,3.46,8.5,88,5000,9.8,7.84
dodge,coronet custom,12964.0,3,essence,turbo,2,hayon,traction,avant,2.43586,4.399279999999999,1.6840199999999999,1.27508,1276.194,ohc,4,2.5563876000000003,mfi,3.6,3.9,7.0,145,5000,12.38,9.8
honda,civic,6479.0,2,essence,std,2,hayon,traction,avant,2.1996399999999996,3.67284,1.62306,1.29032,777.702,ohc,4,1.5076132000000002,1bbl,2.91,3.41,9.6,58,4800,4.8,4.36
honda,civic,6855.0,2,essence,std,2,hayon,traction,avant,2.1996399999999996,3.67284,1.62306,1.29032,825.826,ohc,4,1.5076132000000002,1bbl,2.91,3.41,9.2,76,6000,7.59,6.19
honda,civic,5399.0,1,essence,std,2,hayon,traction,avant,2.3799799999999998,3.81,1.6256,1.33604,833.998,ohc,4,1.2945809000000001,1bbl,2.91,3.07,10.1,60,5500,6.19,5.6
honda,accord,6529.0,1,essence,std,2,hayon,traction,avant,2.3799799999999998,3.81,1.6256,1.33604,880.76,ohc,4,1.5076132000000002,1bbl,2.91,3.41,9.2,76,6000,7.84,6.92
honda,civic,7129.0,1,essence,std,2,hayon,traction,avant,2.3799799999999998,3.81,1.6256,1.33604,888.024,ohc,4,1.5076132000000002,1bbl,2.91,3.41,9.2,76,6000,7.84,6.92
honda,accord lx,7295.0,0,essence,std,4,berline,traction,avant,2.4511,4.15036,1.6256,1.3842999999999999,912.5400000000001,ohc,4,1.5076132000000002,1bbl,2.91,3.41,9.2,76,6000,7.84,6.92
honda,civic gl,7295.0,0,essence,std,4,break,traction,avant,2.4511,3.9903399999999998,1.62306,1.4808199999999998,918.8960000000001,ohc,4,1.5076132000000002,1bbl,2.92,3.41,9.2,76,6000,7.84,6.92
honda,accord,7895.0,0,essence,std,2,hayon,traction,avant,2.4511,4.2545,1.65608,1.3538199999999998,1015.144,ohc,4,1.8025810000000002,1bbl,3.15,3.58,9.0,86,5800,8.71,7.13
honda,civic,9095.0,0,essence,std,2,hayon,traction,avant,2.4511,4.2545,1.65608,1.3538199999999998,1039.2060000000001,ohc,4,1.8025810000000002,1bbl,3.15,3.58,9.0,86,5800,8.71,7.13
honda,prelude,8845.0,0,essence,std,4,berline,traction,avant,2.4511,4.45516,1.65608,1.37414,1046.016,ohc,4,1.8025810000000002,1bbl,3.15,3.58,9.0,86,5800,8.71,7.13
honda,accord,10295.0,0,essence,std,4,berline,traction,avant,2.4511,4.45516,1.5875,1.37414,1076.8880000000001,ohc,4,1.8025810000000002,1bbl,3.15,3.58,9.0,86,5800,8.71,7.13
honda,civic,12945.0,0,essence,std,4,berline,traction,avant,2.4511,4.45516,1.65608,1.37414,1119.1100000000001,ohc,4,1.8025810000000002,mpfi,3.15,3.58,9.0,101,5800,9.8,8.4
honda,civic,10345.0,1,essence,std,2,berline,traction,avant,2.4511,4.29514,1.6764,1.2953999999999999,1041.022,ohc,4,1.8025810000000002,2bbl,3.15,3.58,9.1,100,5500,9.41,7.59
isuzu,MU-X,6785.0,0,essence,std,4,berline,propulsion,avant,2.3952199999999997,4.33578,1.5697199999999998,1.3589,1060.998,ohc,4,1.8189681000000002,2bbl,3.31,3.23,8.5,78,4800,9.8,8.11
isuzu,D-Max ,8916.5,1,essence,std,2,berline,traction,avant,2.4003,3.95986,1.61544,1.3208,850.796,ohc,4,1.4748390000000002,2bbl,3.03,3.11,9.6,70,5400,6.19,5.47
isuzu,D-Max,8916.5,0,essence,std,4,berline,traction,avant,2.4003,3.95986,1.61544,1.3208,866.686,ohc,4,1.4748390000000002,2bbl,3.03,3.11,9.6,70,5400,6.19,5.47
isuzu,D-Max ,11048.0,2,essence,std,2,hayon,propulsion,avant,2.4383999999999997,4.38404,1.65608,1.3055599999999998,1241.236,ohc,4,1.9500649,spdi,3.43,3.23,9.2,90,5000,9.8,8.11
jaguar,xj,32250.0,0,essence,std,4,berline,propulsion,avant,2.8702,5.069839999999999,1.7678399999999999,1.3411199999999999,1845.9640000000002,dohc,6,4.227871800000001,mpfi,3.63,4.17,8.1,176,4750,15.68,12.38
jaguar,xf,35550.0,0,essence,std,4,berline,propulsion,avant,2.8702,5.069839999999999,1.7678399999999999,1.3411199999999999,1845.9640000000002,dohc,6,4.227871800000001,mpfi,3.63,4.17,8.1,176,4750,15.68,12.38
jaguar,xk,36000.0,0,essence,std,2,berline,propulsion,avant,2.5907999999999998,4.869179999999999,1.7932399999999997,1.2141199999999999,1793.3,ohcv,12,5.342194600000001,mpfi,3.54,2.76,11.5,262,5000,18.09,13.84
mazda,rx3,5195.0,1,essence,std,2,hayon,traction,avant,2.36474,4.0411399999999995,1.63068,1.37414,858.0600000000001,ohc,4,1.4912261000000002,2bbl,3.03,3.15,9.0,68,5000,7.84,7.59
mazda,glc,6095.0,1,essence,std,2,hayon,traction,avant,2.36474,4.0411399999999995,1.63068,1.37414,862.6,ohc,4,1.4912261000000002,2bbl,3.03,3.15,9.0,68,5000,7.59,6.19
mazda,rx-2,6795.0,1,essence,std,2,hayon,traction,avant,2.36474,4.0411399999999995,1.63068,1.37414,864.87,ohc,4,1.4912261000000002,2bbl,3.03,3.15,9.0,68,5000,7.59,6.19
mazda,rx-4,6695.0,1,essence,std,4,berline,traction,avant,2.36474,4.23672,1.63068,1.37414,883.03,ohc,4,1.4912261000000002,2bbl,3.03,3.15,9.0,68,5000,7.59,6.19
mazda,glc,7395.0,1,essence,std,4,berline,traction,avant,2.36474,4.23672,1.63068,1.37414,885.3000000000001,ohc,4,1.4912261000000002,2bbl,3.08,3.15,9.0,68,5000,7.59,6.19
mazda,626,10945.0,3,essence,std,2,hayon,propulsion,avant,2.42062,4.2926,1.66878,1.25984,1080.52,rotor,2,1.147097,4bbl,3.33,3.255,9.4,101,6000,13.84,10.23
mazda,glc,11845.0,3,essence,std,2,hayon,propulsion,avant,2.42062,4.2926,1.66878,1.25984,1080.52,rotor,2,1.147097,4bbl,3.33,3.255,9.4,101,6000,13.84,10.23
mazda,rx-7,13645.0,3,essence,std,2,hayon,propulsion,avant,2.42062,4.2926,1.66878,1.25984,1082.79,rotor,2,1.147097,4bbl,3.33,3.255,9.4,101,6000,13.84,10.23
mazda,glc,15645.0,3,essence,std,2,hayon,propulsion,avant,2.42062,4.2926,1.66878,1.25984,1135.0,rotor,2,1.3109680000000001,mpfi,3.33,3.255,9.4,135,6000,14.7,10.23
mazda,626,8845.0,1,essence,std,2,hayon,traction,avant,2.5095199999999998,4.51612,1.6890999999999998,1.36398,1082.79,ohc,4,1.9992262000000003,2bbl,3.39,3.39,8.6,84,4800,9.05,7.35
mazda,glc,8495.0,0,essence,std,4,berline,traction,avant,2.5095199999999998,4.51612,1.6890999999999998,1.4097,1094.14,ohc,4,1.9992262000000003,2bbl,3.39,3.39,8.6,84,4800,9.05,7.35
mazda,glc,10595.0,1,essence,std,2,hayon,traction,avant,2.5095199999999998,4.51612,1.6890999999999998,1.36398,1082.79,ohc,4,1.9992262000000003,2bbl,3.39,3.39,8.6,84,4800,9.05,7.35
mazda,rx-4,10245.0,0,essence,std,4,berline,traction,avant,2.5095199999999998,4.51612,1.6890999999999998,1.4097,1094.14,ohc,4,1.9992262000000003,2bbl,3.39,3.39,8.6,84,4800,9.05,7.35
mazda,glc,10795.0,0,diesel,std,4,berline,traction,avant,2.5095199999999998,4.51612,1.6890999999999998,1.4097,1109.122,ohc,4,1.9992262000000003,idi,3.39,3.39,22.7,64,4650,6.53,5.6
mazda,626,11245.0,0,essence,std,4,hayon,traction,avant,2.5095199999999998,4.51612,1.6890999999999998,1.4097,1100.95,ohc,4,1.9992262000000003,2bbl,3.39,3.39,8.6,84,4800,9.05,7.35
mazda,glc,18280.0,0,essence,std,4,berline,propulsion,avant,2.66446,4.444999999999999,1.6789399999999999,1.3817599999999999,1212.18,ohc,4,2.294194,mpfi,3.76,3.16,8.0,120,5000,12.38,8.71
buick,electra,25552.0,-1,diesel,turbo,4,berline,propulsion,avant,2.794,4.84886,1.7856199999999998,1.4351,1595.81,ohc,5,2.9988393,idi,3.58,3.64,21.5,123,4350,10.69,9.41
buick,century luxus,28248.0,-1,diesel,turbo,4,break,propulsion,avant,2.794,4.84886,1.7856199999999998,1.49098,1702.5,ohc,5,2.9988393,idi,3.58,3.64,21.5,123,4350,10.69,9.41
buick,century,28176.0,0,diesel,turbo,2,coupe,propulsion,avant,2.71018,4.7625,1.7856199999999998,1.3944599999999998,1586.73,ohc,5,2.9988393,idi,3.58,3.64,21.5,123,4350,10.69,9.41
buick,skyhawk,31600.0,-1,diesel,turbo,4,berline,propulsion,avant,2.9362399999999997,5.146039999999999,1.82118,1.4300199999999998,1711.5800000000002,ohc,5,2.9988393,idi,3.58,3.64,21.5,123,4350,10.69,9.41
buick,deluxe,34184.0,-1,essence,std,4,berline,propulsion,avant,2.9362399999999997,5.146039999999999,1.82118,1.4351,1697.96,ohcv,8,3.8345814000000003,mpfi,3.46,3.1,8.3,155,4750,14.7,13.07
buick,skylark,35056.0,3,essence,std,2,cabriolet,propulsion,avant,2.4536399999999996,4.57962,1.7907,1.29032,1672.99,ohcv,8,3.8345814000000003,mpfi,3.46,3.1,8.3,155,4750,14.7,13.07
buick,century special,40960.0,0,essence,std,4,berline,propulsion,avant,3.07086,5.28574,1.82118,1.44018,1770.6000000000001,ohcv,8,5.047226800000001,mpfi,3.8,3.35,8.0,184,4500,16.8,14.7
buick,regal sport coupe,45400.0,1,essence,std,2,coupe,propulsion,avant,2.8447999999999998,5.059679999999999,1.8288,1.40716,1686.6100000000001,ohcv,8,4.981678400000001,mpfi,3.8,3.35,8.0,184,4500,16.8,14.7
mercury,cougar,16503.0,1,essence,turbo,2,hayon,propulsion,avant,2.60858,4.53136,1.7271999999999998,1.3919199999999998,1321.14,ohc,4,2.294194,mpfi,3.78,3.12,8.0,175,5000,12.38,9.8
mitsubishi,mirage,5389.0,2,essence,std,2,hayon,traction,avant,2.3799799999999998,3.99542,1.63576,1.29032,870.772,ohc,4,1.5076132000000002,2bbl,2.97,3.23,9.4,68,5500,6.36,5.74
mitsubishi,lancer,6189.0,2,essence,std,2,hayon,traction,avant,2.3799799999999998,3.99542,1.63576,1.29032,882.576,ohc,4,1.5076132000000002,2bbl,2.97,3.23,9.4,68,5500,7.59,6.19
mitsubishi,outlander,6669.0,2,essence,std,2,hayon,traction,avant,2.3799799999999998,3.99542,1.63576,1.29032,909.816,ohc,4,1.5076132000000002,2bbl,2.97,3.23,9.4,68,5500,7.59,6.19
mitsubishi,mirage,7689.0,1,essence,turbo,2,hayon,traction,avant,2.3622,3.99542,1.62052,1.29032,973.83,ohc,4,1.6059358000000001,spdi,3.03,3.39,7.6,102,5500,9.8,7.84
mitsubishi,mirage,9959.0,3,essence,turbo,2,hayon,traction,avant,2.44602,4.3942,1.66116,1.2547599999999999,1075.98,ohc,4,1.8025810000000002,spdi,3.17,3.46,7.5,116,5500,10.23,7.84
mitsubishi,mirage,8499.0,3,essence,std,2,hayon,traction,avant,2.44602,4.3942,1.66116,1.2547599999999999,1056.912,ohc,4,1.9992262000000003,2bbl,3.35,3.46,8.5,88,5000,9.41,7.35
mitsubishi,outlander,12629.0,3,essence,turbo,2,hayon,traction,avant,2.43586,4.399279999999999,1.6840199999999999,1.27508,1286.182,ohc,4,2.5563876000000003,spdi,3.58,3.86,7.0,145,5000,12.38,9.8
mitsubishi,mirage,14869.0,3,essence,turbo,2,hayon,traction,avant,2.43586,4.399279999999999,1.6840199999999999,1.27508,1326.134,ohc,4,2.5563876000000003,spdi,3.59,3.86,7.0,145,5000,12.38,9.8
mitsubishi,mirage,14489.0,3,essence,turbo,2,hayon,traction,avant,2.43586,4.399279999999999,1.6840199999999999,1.27508,1328.404,ohc,4,2.5563876000000003,spdi,3.59,3.86,7.0,145,5000,12.38,9.8
mitsubishi,montero,6989.0,1,essence,std,4,berline,traction,avant,2.44602,4.37896,1.66116,1.31064,1073.71,ohc,4,1.9992262000000003,2bbl,3.35,3.46,8.5,88,5000,9.41,7.35
mitsubishi,pajero,8189.0,1,essence,std,4,berline,traction,avant,2.44602,4.37896,1.66116,1.31064,1091.8700000000001,ohc,4,1.9992262000000003,2bbl,3.35,3.46,8.5,88,5000,9.41,7.35
mitsubishi,outlander,9279.0,1,essence,turbo,4,berline,traction,avant,2.44602,4.37896,1.66116,1.31064,1090.962,ohc,4,1.8025810000000002,spdi,3.17,3.46,7.5,116,5500,10.23,7.84
mitsubishi,mirage,9279.0,-1,essence,std,4,berline,traction,avant,2.44602,4.37896,1.66116,1.31064,1090.962,ohc,4,1.8025810000000002,spdi,3.17,3.46,7.5,116,5500,10.23,7.84
nissan,versa,5499.0,1,essence,std,2,berline,traction,avant,2.4003,4.19862,1.62052,1.3842999999999999,857.606,ohc,4,1.5895487000000001,2bbl,3.15,3.29,9.4,69,5200,7.59,6.36
nissan,gt-r,7099.0,1,diesel,std,2,berline,traction,avant,2.4003,4.19862,1.62052,1.3842999999999999,915.7180000000001,ohc,4,1.6878713,idi,2.99,3.47,21.9,55,4800,5.23,4.7
nissan,rogue,6649.0,1,essence,std,2,berline,traction,avant,2.4003,4.19862,1.62052,1.3842999999999999,870.772,ohc,4,1.5895487000000001,2bbl,3.15,3.29,9.4,69,5200,7.59,6.36
nissan,latio,6849.0,1,essence,std,4,berline,traction,avant,2.4003,4.19862,1.62052,1.3842999999999999,879.852,ohc,4,1.5895487000000001,2bbl,3.15,3.29,9.4,69,5200,7.59,6.36
nissan,titan,7349.0,1,essence,std,4,break,traction,avant,2.4003,4.323079999999999,1.62052,1.3589,918.8960000000001,ohc,4,1.5895487000000001,2bbl,3.15,3.29,9.4,69,5200,7.59,6.36
nissan,leaf,7299.0,1,essence,std,2,berline,traction,avant,2.4003,4.19862,1.62052,1.3842999999999999,885.754,ohc,4,1.5895487000000001,2bbl,3.15,3.29,9.4,69,5200,7.59,6.36
nissan,juke,7799.0,1,essence,std,2,hayon,traction,avant,2.4003,4.206239999999999,1.62052,1.3538199999999998,920.712,ohc,4,1.5895487000000001,2bbl,3.15,3.29,9.4,69,5200,7.59,6.36
nissan,latio,7499.0,1,essence,std,4,berline,traction,avant,2.4003,4.19862,1.62052,1.3842999999999999,894.8340000000001,ohc,4,1.5895487000000001,2bbl,3.15,3.29,9.4,69,5200,7.59,6.36
nissan,note,7999.0,1,essence,std,4,break,traction,avant,2.4003,4.323079999999999,1.62052,1.3589,924.798,ohc,4,1.5895487000000001,2bbl,3.15,3.29,9.4,69,5200,7.59,6.36
nissan,clipper,8249.0,2,essence,std,2,coupe,traction,avant,2.4155399999999996,4.12496,1.62052,1.3538199999999998,911.6320000000001,ohc,4,1.5895487000000001,2bbl,3.15,3.29,9.4,69,5200,7.59,6.36
nissan,rogue,8949.0,0,essence,std,4,hayon,traction,avant,2.46888,4.40436,1.65608,1.38938,1055.096,ohc,4,1.9664520000000003,2bbl,3.33,3.47,8.5,97,5200,8.71,6.92
nissan,nv200,9549.0,0,essence,std,4,berline,traction,avant,2.46888,4.40436,1.65608,1.38938,1045.108,ohc,4,1.9664520000000003,2bbl,3.33,3.47,8.5,97,5200,8.71,6.92
nissan,dayz,13499.0,0,essence,std,4,berline,traction,avant,2.55016,4.61518,1.6890999999999998,1.39954,1405.13,ohcv,6,2.9660651000000002,mpfi,3.43,3.27,9.0,152,5200,13.84,10.69
nissan,fuga,14399.0,0,essence,std,4,break,traction,avant,2.55016,4.68884,1.6890999999999998,1.4249399999999999,1496.384,ohcv,6,2.9660651000000002,mpfi,3.43,3.27,9.0,152,5200,13.84,10.69
nissan,otti,13499.0,0,essence,std,4,berline,traction,avant,2.55016,4.68884,1.6890999999999998,1.39954,1389.24,ohcv,6,2.9660651000000002,mpfi,3.43,3.27,9.0,152,5200,12.38,9.41
nissan,teana,17199.0,3,essence,std,2,hayon,propulsion,avant,2.3190199999999996,4.33578,1.72466,1.26238,1394.2340000000002,ohcv,6,2.9660651000000002,mpfi,3.43,3.27,9.0,160,5200,12.38,9.41
nissan,kicks,19699.0,3,essence,turbo,2,hayon,propulsion,avant,2.3190199999999996,4.33578,1.72466,1.26238,1425.106,ohcv,6,2.9660651000000002,mpfi,3.43,3.27,7.8,200,5200,13.84,10.23
nissan,clipper,18399.0,1,essence,std,2,hayon,propulsion,avant,2.51968,4.5339,1.72466,1.26238,1425.106,ohcv,6,2.9660651000000002,mpfi,3.43,3.27,9.0,160,5200,12.38,9.41
peugeot,504,11900.0,0,essence,std,4,berline,propulsion,avant,2.74066,4.742179999999999,1.73736,1.44018,1371.0800000000002,l,4,1.9664520000000003,mpfi,3.46,3.19,8.4,97,5000,12.38,9.8
peugeot,304,13200.0,0,diesel,turbo,4,berline,propulsion,avant,2.74066,4.742179999999999,1.73736,1.44018,1451.438,l,4,2.4908392000000004,idi,3.7,3.52,21.0,95,4150,8.4,7.13
peugeot,504,12440.0,0,essence,std,4,break,propulsion,avant,2.90068,5.05206,1.73736,1.49098,1466.42,l,4,1.9664520000000003,mpfi,3.46,3.19,8.4,97,5000,12.38,9.8
peugeot,504,13860.0,0,diesel,turbo,4,break,propulsion,avant,2.90068,5.05206,1.73736,1.49098,1557.22,l,4,2.4908392000000004,idi,3.7,3.52,21.0,95,4150,9.41,9.41
peugeot,504,15580.0,0,essence,std,4,berline,propulsion,avant,2.74066,4.742179999999999,1.73736,1.44018,1396.05,l,4,1.9664520000000003,mpfi,3.46,2.19,8.4,95,5000,12.38,9.8
peugeot,604sl,16900.0,0,diesel,turbo,4,berline,propulsion,avant,2.74066,4.742179999999999,1.73736,1.44018,1476.4080000000001,l,4,2.4908392000000004,idi,3.7,3.52,21.0,95,4150,8.4,7.13
peugeot,504,16695.0,0,essence,std,4,break,propulsion,avant,2.90068,5.05206,1.73736,1.44018,1491.39,l,4,1.9664520000000003,mpfi,3.46,2.19,8.4,95,5000,12.38,9.8
peugeot,505s,17075.0,0,diesel,turbo,4,break,propulsion,avant,2.90068,5.05206,1.73736,1.49098,1582.19,l,4,2.4908392000000004,idi,3.7,3.52,21.0,95,4150,9.41,9.41
peugeot,504,16630.0,0,essence,std,4,berline,propulsion,avant,2.74066,4.742179999999999,1.73736,1.44018,1396.05,l,4,1.9664520000000003,mpfi,3.46,3.19,8.4,97,5000,12.38,9.8
peugeot,504,17950.0,0,diesel,turbo,4,berline,propulsion,avant,2.74066,4.742179999999999,1.73736,1.44018,1476.4080000000001,l,4,2.4908392000000004,idi,3.7,3.52,21.0,95,4150,8.4,7.13
peugeot,604sl,18150.0,0,essence,turbo,4,berline,propulsion,avant,2.7432,4.742179999999999,1.7348199999999998,1.4223999999999999,1421.02,l,4,2.1958714,mpfi,3.61,3.21,7.0,142,5600,13.07,9.8
plymouth,fury iii,5572.0,1,essence,std,2,hayon,traction,avant,2.3799799999999998,3.99542,1.62052,1.29032,870.772,ohc,4,1.4748390000000002,2bbl,2.97,3.23,9.4,68,5500,6.36,5.74
plymouth,cricket,7957.0,1,essence,turbo,2,hayon,traction,avant,2.3799799999999998,3.99542,1.62052,1.29032,966.1120000000001,ohc,4,1.6059358000000001,spdi,3.03,3.39,7.6,102,5500,9.8,7.84
plymouth,fury iii,6229.0,1,essence,std,4,hayon,traction,avant,2.3799799999999998,3.99542,1.62052,1.28524,893.018,ohc,4,1.4748390000000002,2bbl,2.97,3.23,9.4,68,5500,7.59,6.19
plymouth,satellite custom,6692.0,1,essence,std,4,berline,traction,avant,2.3799799999999998,4.24942,1.62052,1.29032,903.0060000000001,ohc,4,1.4748390000000002,2bbl,2.97,3.23,9.4,68,5500,7.59,6.19
plymouth,fury gran,7609.0,1,essence,std,4,berline,traction,avant,2.3799799999999998,4.24942,1.62052,1.29032,994.714,ohc,4,1.6059358000000001,2bbl,2.97,3.23,9.4,68,5500,7.59,6.19
plymouth,valiant,8921.0,-1,essence,std,4,break,traction,avant,2.62382,4.4348399999999994,1.6408399999999999,1.5189199999999998,1150.89,ohc,4,1.9992262000000003,2bbl,3.35,3.46,8.5,88,5000,9.8,7.84
plymouth,duster,12764.0,3,essence,turbo,2,hayon,propulsion,avant,2.43586,4.399279999999999,1.6840199999999999,1.27508,1279.372,ohc,4,2.5563876000000003,spdi,3.59,3.86,7.0,145,5000,12.38,9.8
porsche,macan,22018.0,3,essence,std,2,hayon,propulsion,avant,2.4003,4.2900599999999995,1.7348199999999998,1.27508,1261.212,ohc,4,2.4744521,mpfi,3.94,3.11,9.5,143,5500,12.38,8.71
porsche,panamera,32528.0,3,essence,std,2,coupe,propulsion,arriere,2.2733,4.2900599999999995,1.651,1.31064,1251.224,ohc,6,3.1790974000000003,mpfi,3.74,2.9,9.5,207,5900,13.84,9.41
porsche,cayenne,34028.0,3,essence,std,2,coupe,propulsion,arriere,2.2733,4.2900599999999995,1.651,1.31064,1251.224,ohc,6,3.1790974000000003,mpfi,3.74,2.9,9.5,207,5900,13.84,9.41
porsche,boxter,37028.0,3,essence,std,2,cabriolet,propulsion,arriere,2.2733,4.2900599999999995,1.651,1.31064,1271.2,ohc,6,3.1790974000000003,mpfi,3.74,2.9,9.5,207,5900,13.84,9.41
porsche,cayenne,31400.5,1,essence,std,2,hayon,propulsion,avant,2.4993600000000002,4.4627799999999995,1.83642,1.2827,1528.164,dohc,8,3.3265813000000004,mpfi,3.94,3.11,10.0,288,5750,13.84,8.4
renault,12tl,9295.0,0,essence,std,4,break,traction,avant,2.44094,4.6101,1.6890999999999998,1.40208,1170.866,ohc,4,2.1630972,mpfi,3.46,3.9,8.7,90,5100,10.23,7.59
renault,5 gtl,9895.0,2,essence,std,2,hayon,traction,avant,2.44094,4.4907200000000005,1.6916399999999998,1.2827,1116.8400000000001,ohc,4,2.1630972,mpfi,3.46,3.9,8.7,90,5100,10.23,7.59
saab,99e,11850.0,3,essence,std,2,hayon,traction,avant,2.51714,4.73964,1.6890999999999998,1.4249399999999999,1206.732,ohc,4,1.9828391000000003,mpfi,3.54,3.07,9.31,110,5250,11.2,8.4
saab,99le,12170.0,2,essence,std,4,berline,traction,avant,2.51714,4.73964,1.6890999999999998,1.4249399999999999,1223.53,ohc,4,1.9828391000000003,mpfi,3.54,3.07,9.3,110,5250,11.2,8.4
saab,99le,15040.0,3,essence,std,2,hayon,traction,avant,2.51714,4.73964,1.6890999999999998,1.4249399999999999,1228.978,ohc,4,1.9828391000000003,mpfi,2.54,2.07,9.3,110,5250,11.2,8.4
saab,99gle,15510.0,2,essence,std,4,berline,traction,avant,2.51714,4.73964,1.6890999999999998,1.4249399999999999,1252.132,ohc,4,1.9828391000000003,mpfi,3.54,3.07,9.3,110,5250,11.2,8.4
saab,99gle,18150.0,3,essence,turbo,2,hayon,traction,avant,2.51714,4.73964,1.6890999999999998,1.4249399999999999,1274.832,dohc,4,1.9828391000000003,mpfi,3.54,3.07,9.0,160,5500,12.38,9.05
saab,99e,18620.0,2,essence,turbo,4,berline,traction,avant,2.51714,4.73964,1.6890999999999998,1.4249399999999999,1292.538,dohc,4,1.9828391000000003,mpfi,3.54,3.07,9.0,160,5500,12.38,9.05
subaru,dl,7053.0,2,essence,std,2,hayon,traction,avant,2.3799799999999998,4.01066,1.61544,1.36398,962.48,ohc,4,1.7698068000000002,2bbl,3.62,2.64,8.7,73,4400,9.05,7.59
subaru,dl,7603.0,2,essence,std,2,hayon,quatre roues motrices,avant,2.36982,3.99542,1.62052,1.41478,1016.96,ohc,4,1.7698068000000002,2bbl,3.62,2.64,8.7,73,4400,9.05,7.59
subaru,brz,7775.0,0,essence,std,4,berline,traction,avant,2.46888,4.3688,1.66116,1.3335,994.26,ohc,4,1.7698068000000002,2bbl,3.62,2.64,9.5,82,4400,8.4,7.13
subaru,baja,9960.0,0,essence,std,4,berline,traction,avant,2.46888,4.3688,1.66116,1.3335,1062.3600000000001,ohc,4,1.7698068000000002,mpfi,3.62,2.64,9.0,94,5200,9.05,7.35
subaru,r1,9233.0,0,essence,std,4,berline,quatre roues motrices,avant,2.4638,4.3688,1.66116,1.37922,1082.79,ohc,4,1.7698068000000002,2bbl,3.62,2.64,9.0,82,4800,9.8,9.41
subaru,r2,11259.0,0,essence,turbo,4,berline,quatre roues motrices,avant,2.4638,4.3688,1.66116,1.37922,1139.54,ohc,4,1.7698068000000002,mpfi,3.62,2.64,7.7,111,4800,9.8,8.11
subaru,trezia,7463.0,0,essence,std,4,break,traction,avant,2.4638,4.4069,1.66116,1.3461999999999998,1039.66,ohc,4,1.7698068000000002,2bbl,3.62,2.64,9.0,82,4800,8.4,7.35
subaru,tribeca,10198.0,0,essence,std,4,break,traction,avant,2.4638,4.4069,1.66116,1.3461999999999998,1114.57,ohc,4,1.7698068000000002,mpfi,3.62,2.64,9.0,94,5200,9.41,7.59
subaru,dl,8013.0,0,essence,std,4,break,quatre roues motrices,avant,2.4612600000000002,4.40944,1.66116,1.3944599999999998,1098.68,ohc,4,1.7698068000000002,2bbl,3.62,2.64,9.0,82,4800,10.23,8.11
subaru,dl,11694.0,0,essence,turbo,4,break,quatre roues motrices,avant,2.4612600000000002,4.40944,1.66116,1.3944599999999998,1203.1000000000001,ohc,4,1.7698068000000002,mpfi,3.62,2.64,7.7,111,4800,10.23,10.23
toyota,corona mark ii,5348.0,1,essence,std,2,hayon,traction,avant,2.43078,4.03098,1.61544,1.3842999999999999,901.19,ohc,4,1.5076132000000002,2bbl,3.05,3.03,9.0,62,4800,6.72,6.03
toyota,corona,6338.0,1,essence,std,2,hayon,traction,avant,2.43078,4.03098,1.61544,1.3842999999999999,926.1600000000001,ohc,4,1.5076132000000002,2bbl,3.05,3.03,9.0,62,4800,7.59,6.19
toyota,corolla 1200,6488.0,1,essence,std,4,hayon,traction,avant,2.43078,4.03098,1.61544,1.3842999999999999,914.8100000000001,ohc,4,1.5076132000000002,2bbl,3.05,3.03,9.0,62,4800,7.59,6.19
toyota,corona hardtop,6918.0,0,essence,std,4,break,traction,avant,2.43078,4.310379999999999,1.61544,1.50114,1035.1200000000001,ohc,4,1.5076132000000002,2bbl,3.05,3.03,9.0,62,4800,7.59,6.36
toyota,corolla 1600,7898.0,0,essence,std,4,break,quatre roues motrices,avant,2.43078,4.310379999999999,1.61544,1.50114,1039.66,ohc,4,1.5076132000000002,2bbl,3.05,3.03,9.0,62,4800,8.71,7.35
toyota,carina,8778.0,0,essence,std,4,break,quatre roues motrices,avant,2.43078,4.310379999999999,1.61544,1.50114,1411.94,ohc,4,1.5076132000000002,2bbl,3.05,3.03,9.0,62,4800,8.71,7.35
toyota,mark ii,6938.0,0,essence,std,4,berline,traction,avant,2.43078,4.22402,1.63576,1.3461999999999998,944.774,ohc,4,1.6059358000000001,2bbl,3.19,3.03,9.0,70,4800,7.84,6.36
toyota,corolla 1200,7198.0,0,essence,std,4,hayon,traction,avant,2.43078,4.22402,1.63576,1.3411199999999999,957.486,ohc,4,1.6059358000000001,2bbl,3.19,3.03,9.0,70,4800,7.84,6.36
toyota,corona,7898.0,0,diesel,std,4,berline,traction,avant,2.43078,4.22402,1.63576,1.3461999999999998,1032.8500000000001,ohc,4,1.8025810000000002,idi,3.27,3.35,22.5,56,4500,6.92,6.53
toyota,corolla,7788.0,0,diesel,std,4,hayon,traction,avant,2.43078,4.22402,1.63576,1.3411199999999999,1032.8500000000001,ohc,4,1.8025810000000002,idi,3.27,3.35,22.5,56,4500,6.19,5.0
toyota,corona,7738.0,0,essence,std,4,berline,traction,avant,2.43078,4.22402,1.63576,1.3461999999999998,950.676,ohc,4,1.6059358000000001,2bbl,3.19,3.03,9.0,70,4800,6.19,5.0
toyota,corolla,8358.0,0,essence,std,4,hayon,traction,avant,2.43078,4.22402,1.63576,1.3411199999999999,963.388,ohc,4,1.6059358000000001,2bbl,3.19,3.03,9.0,70,4800,8.4,6.92
toyota,mark ii,9258.0,0,essence,std,4,berline,traction,avant,2.43078,4.22402,1.63576,1.3411199999999999,971.5600000000001,ohc,4,1.6059358000000001,2bbl,3.19,3.03,9.0,70,4800,8.4,6.92
toyota,corolla,8058.0,1,essence,std,2,berline,propulsion,avant,2.4003,4.284979999999999,1.6256,1.33604,984.726,ohc,4,1.6059358000000001,2bbl,3.19,3.03,9.0,70,4800,8.11,6.92
toyota,corona,8238.0,1,essence,std,2,hayon,propulsion,avant,2.4003,4.284979999999999,1.6256,1.33604,1000.616,ohc,4,1.6059358000000001,2bbl,3.19,3.03,9.0,70,4800,8.11,6.92
toyota,celica gt,9298.0,1,essence,std,2,berline,propulsion,avant,2.4003,4.284979999999999,1.6256,1.33604,1028.31,dohc,4,1.6059358000000001,mpfi,3.24,3.08,9.4,112,6600,9.05,8.11
toyota,corolla tercel,9538.0,1,essence,std,2,hayon,propulsion,avant,2.4003,4.284979999999999,1.6256,1.33604,1044.2,dohc,4,1.6059358000000001,mpfi,3.24,3.08,9.4,112,6600,9.05,8.11
toyota,corona,8449.0,2,essence,std,2,coupe,propulsion,avant,2.4993600000000002,4.475479999999999,1.6662399999999997,1.3208,1153.16,ohc,4,2.3925166000000004,mpfi,3.62,3.5,9.3,116,4800,9.8,7.84
toyota,corolla,9639.0,2,essence,std,2,coupe,propulsion,avant,2.4993600000000002,4.475479999999999,1.6662399999999997,1.3208,1151.344,ohc,4,2.3925166000000004,mpfi,3.62,3.5,9.3,116,4800,9.8,7.84
toyota,starlet,9989.0,2,essence,std,2,hayon,propulsion,avant,2.4993600000000002,4.475479999999999,1.6662399999999997,1.3208,1158.154,ohc,4,2.3925166000000004,mpfi,3.62,3.5,9.3,116,4800,9.8,7.84
toyota,tercel,11199.0,2,essence,std,2,coupe,propulsion,avant,2.4993600000000002,4.475479999999999,1.6662399999999997,1.3208,1216.266,ohc,4,2.3925166000000004,mpfi,3.62,3.5,9.3,116,4800,9.8,7.84
toyota,corolla,11549.0,2,essence,std,2,hayon,propulsion,avant,2.4993600000000002,4.475479999999999,1.6662399999999997,1.3208,1232.156,ohc,4,2.3925166000000004,mpfi,3.62,3.5,9.3,116,4800,9.8,7.84
toyota,cressida,17669.0,2,essence,std,2,cabriolet,propulsion,avant,2.4993600000000002,4.475479999999999,1.6662399999999997,1.3461999999999998,1350.65,ohc,4,2.3925166000000004,mpfi,3.62,3.5,9.3,116,4800,9.8,7.84
toyota,corolla,8948.0,-1,essence,std,4,berline,traction,avant,2.60096,4.46024,1.6890999999999998,1.3944599999999998,1056.0040000000001,ohc,4,1.9992262000000003,mpfi,3.31,3.54,8.7,92,4200,8.11,6.92
toyota,celica gt,10698.0,-1,diesel,turbo,4,berline,traction,avant,2.60096,4.46024,1.6890999999999998,1.3944599999999998,1125.92,ohc,4,1.8025810000000002,idi,3.27,3.35,22.5,73,4500,7.84,7.13
toyota,corona,9988.0,-1,essence,std,4,hayon,traction,avant,2.60096,4.46024,1.6890999999999998,1.36906,1095.9560000000001,ohc,4,1.9992262000000003,mpfi,3.31,3.54,8.7,92,4200,8.71,7.35
toyota,corolla,10898.0,-1,essence,std,4,berline,traction,avant,2.60096,4.46024,1.6890999999999998,1.3944599999999998,1095.9560000000001,ohc,4,1.9992262000000003,mpfi,3.31,3.54,8.7,92,4200,8.71,7.35
toyota,mark ii,11248.0,-1,essence,std,4,hayon,traction,avant,2.60096,4.46024,1.6890999999999998,1.36906,1115.932,ohc,4,1.9992262000000003,mpfi,3.31,3.54,8.7,92,4200,8.71,7.35
toyota,corolla,16558.0,3,essence,std,2,hayon,propulsion,avant,2.61366,4.6609,1.71958,1.3208,1351.104,dohc,6,2.8021941000000004,mpfi,3.27,3.35,9.3,161,5200,11.76,9.8
toyota,corona,15998.0,3,essence,std,2,hayon,propulsion,avant,2.61366,4.6609,1.71958,1.3208,1369.2640000000001,dohc,6,2.8021941000000004,mpfi,3.27,3.35,9.3,161,5200,12.38,9.8
toyota,starlet,15690.0,-1,essence,std,4,berline,propulsion,avant,2.6543,4.77012,1.6890999999999998,1.37414,1421.474,dohc,6,2.8021941000000004,mpfi,3.27,3.35,9.2,156,5200,11.76,9.8
toyota,tercel,15750.0,-1,essence,std,4,break,propulsion,avant,2.6543,4.77012,1.6890999999999998,1.37414,1430.554,dohc,6,2.6383231000000005,mpfi,3.27,3.35,9.2,156,5200,12.38,9.8
volkswagen,rabbit,7775.0,2,diesel,std,2,berline,traction,avant,2.4714199999999997,4.361179999999999,1.6637,1.41478,1026.4940000000001,ohc,4,1.5895487000000001,idi,3.01,3.4,23.0,52,4800,6.36,5.11
volkswagen,1131 deluxe ,7975.0,2,essence,std,2,berline,traction,avant,2.4714199999999997,4.361179999999999,1.6637,1.41478,1002.8860000000001,ohc,4,1.7861939000000002,mpfi,3.19,3.4,9.0,85,5250,8.71,6.92
volkswagen,model 111,7995.0,2,diesel,std,4,berline,traction,avant,2.4714199999999997,4.361179999999999,1.6637,1.41478,1027.856,ohc,4,1.5895487000000001,idi,3.01,3.4,23.0,52,4800,6.36,5.11
volkswagen,type 3,8195.0,2,essence,std,4,berline,traction,avant,2.4714199999999997,4.361179999999999,1.6637,1.41478,1004.248,ohc,4,1.7861939000000002,mpfi,3.19,3.4,9.0,85,5250,8.71,6.92
volkswagen,411,8495.0,2,essence,std,4,berline,traction,avant,2.4714199999999997,4.361179999999999,1.6637,1.41478,1032.8500000000001,ohc,4,1.7861939000000002,mpfi,3.19,3.4,9.0,85,5250,8.71,6.92
volkswagen,super beetle,9495.0,2,diesel,turbo,4,berline,traction,avant,2.4714199999999997,4.361179999999999,1.6637,1.41478,1052.826,ohc,4,1.5895487000000001,idi,3.01,3.4,23.0,68,4500,6.36,5.6
volkswagen,dasher,9995.0,2,essence,std,4,berline,traction,avant,2.4714199999999997,4.361179999999999,1.6637,1.41478,1044.2,ohc,4,1.7861939000000002,mpfi,3.19,3.4,10.0,100,5500,9.05,7.35
volkswagen,dasher,11595.0,3,essence,std,2,cabriolet,traction,avant,2.4003,4.04622,1.63068,1.41224,1023.316,ohc,4,1.7861939000000002,mpfi,3.19,3.4,8.5,90,5500,9.8,8.11
volkswagen,rabbit,9980.0,3,essence,std,2,hayon,traction,avant,2.4003,4.20878,1.6256,1.3055599999999998,1008.3340000000001,ohc,4,1.7861939000000002,mpfi,3.19,3.4,8.5,90,5500,9.8,8.11
volkswagen,rabbit,13295.0,0,essence,std,4,berline,traction,avant,2.55016,4.57708,1.69926,1.39954,1208.094,ohc,5,2.2286456,mpfi,3.19,3.4,8.5,110,5500,12.38,9.8
volkswagen,rabbit custom,13845.0,0,diesel,turbo,4,berline,traction,avant,2.55016,4.57708,1.69926,1.39954,1170.866,ohc,4,1.5895487000000001,idi,3.01,3.4,23.0,68,4500,7.13,6.19
volkswagen,dasher,12290.0,0,essence,std,4,break,traction,avant,2.55016,4.65074,1.69926,1.39954,1163.602,ohc,4,1.7861939000000002,mpfi,3.19,3.4,9.0,88,5500,9.41,7.59
volvo,145e,12940.0,-2,essence,std,4,berline,propulsion,avant,2.6492199999999997,4.79552,1.70688,1.42748,1322.048,ohc,4,2.3105811000000003,mpfi,3.78,3.15,9.5,114,5400,10.23,8.4
volvo,144ea,13415.0,-1,essence,std,4,break,propulsion,avant,2.6492199999999997,4.79552,1.70688,1.4605,1377.4360000000001,ohc,4,2.3105811000000003,mpfi,3.78,3.15,9.5,114,5400,10.23,8.4
volvo,244dl,15985.0,-2,essence,std,4,berline,propulsion,avant,2.6492199999999997,4.79552,1.70688,1.42748,1332.49,ohc,4,2.3105811000000003,mpfi,3.78,3.15,9.5,114,5400,9.8,8.4
volvo,245,16515.0,-1,essence,std,4,break,propulsion,avant,2.6492199999999997,4.79552,1.70688,1.4605,1381.068,ohc,4,2.3105811000000003,mpfi,3.78,3.15,9.5,114,5400,9.8,8.4
volvo,264gl,18420.0,-2,essence,turbo,4,berline,propulsion,avant,2.6492199999999997,4.79552,1.70688,1.42748,1382.43,ohc,4,2.130323,mpfi,3.62,3.15,7.5,162,5100,13.84,10.69
volvo,145e,16845.0,-1,essence,std,4,berline,propulsion,avant,2.77114,4.79552,1.7500600000000002,1.4097,1340.208,ohc,4,2.3105811000000003,mpfi,3.78,3.15,9.5,114,5400,10.23,8.4
volvo,144ea,19045.0,-1,essence,turbo,4,berline,propulsion,avant,2.77114,4.79552,1.74752,1.4097,1384.246,ohc,4,2.3105811000000003,mpfi,3.78,3.15,8.7,160,5300,12.38,9.41
volvo,244dl,21485.0,-1,essence,std,4,berline,propulsion,avant,2.77114,4.79552,1.7500600000000002,1.4097,1367.448,ohcv,6,2.8349683000000003,mpfi,3.58,2.87,8.8,134,5500,13.07,10.23
volvo,246,22470.0,-1,diesel,turbo,4,berline,propulsion,avant,2.77114,4.79552,1.7500600000000002,1.4097,1460.518,ohc,6,2.3761295000000002,idi,3.01,3.4,23.0,106,4800,9.05,8.71
volvo,264gl,22625.0,-1,essence,turbo,4,berline,propulsion,avant,2.77114,4.79552,1.7500600000000002,1.4097,1390.1480000000001,ohc,4,2.3105811000000003,mpfi,3.78,3.15,9.5,114,5400,12.38,9.41
